"Jan 01 21:51:36","1420149096","PUBLICKEY_ACCEPT","26.223.113.208","83.237.73.239","","24500","carlk","Accepted publickey for carlk from 83.237.73.239 port 24500 ssh2"
"Jan 01 21:51:36","1420149096","PUBLICKEY_ACCEPT","12.134.115.234","66.204.183.173","","29081","billm","Accepted publickey for billm from 66.204.183.173 port 29081 ssh2"
"Jan 01 21:51:37","1420149097","PUBLICKEY_ACCEPT","14.20.58.176","78.66.131.135","","28398","miles","Accepted publickey for miles from 78.66.131.135 port 28398 ssh2"
"Jan 01 21:51:37","1420149097","PASSWORD_ACCEPT","46.179.170.249","25.220.123.37","","23113","careym","Accepted password for careym from 25.220.123.37 port 23113 ssh2"
"Jan 01 21:51:38","1420149098","PUBLICKEY_ACCEPT","73.89.31.25","3.171.252.231","","28827","mariak","Accepted publickey for mariak from 3.171.252.231 port 28827 ssh2"
"Jan 01 21:51:39","1420149099","PUBLICKEY_ACCEPT","46.179.170.249","115.170.242.82","","22524","robertp","Accepted publickey for robertp from 115.170.242.82 port 22524 ssh2"
"Jan 01 21:51:40","1420149100","PUBLICKEY_ACCEPT","26.223.113.208","66.204.183.173","","21638","jillp","Accepted publickey for jillp from 66.204.183.173 port 21638 ssh2"
"Jan 01 21:51:41","1420149101","PUBLICKEY_ACCEPT","46.179.170.249","108.120.87.76","","27904","robertp","Accepted publickey for robertp from 108.120.87.76 port 27904 ssh2"
"Jan 01 21:51:42","1420149102","PUBLICKEY_ACCEPT","70.80.36.100","31.144.229.33","","27938","mariak","Accepted publickey for mariak from 31.144.229.33 port 27938 ssh2"
"Jan 01 21:51:45","1420149105","PASSWORD_ACCEPT","96.219.5.63","57.114.183.203","","21767","johnc","Accepted password for johnc from 57.114.183.203 port 21767 ssh2"
"Jan 01 21:51:38","1420149098","PASSWORD_FAIL","73.89.31.25","3.171.252.231","","28827","mariak","Accepted publickey for mariak from 3.171.252.231 port 28827 ssh2"
